{"cameraMode":{"drawMode":0,"name":"Shaded","section":"Shading Mode"},"sceneLighting":true,"audioPlay":false,"sceneViewState":{"showFog":true,"showMaterialUpdate":false,"showSkybox":true,"showFlares":true,"showImageEffects":true,"showParticleSystems":true},"in2DMode":false,"pivot":{"x":-19.244491577148439,"y":-59.382057189941409,"z":-88.4229965209961},"rotation":{"x":-0.025457484647631646,"y":0.9613518118858337,"z":-0.25708886981010439,"w":-0.09519395232200623},"size":71.95526123046875,"orthographic":false}