{"cameraMode":{"drawMode":0,"name":"Shaded","section":"Shading Mode"},"sceneLighting":true,"audioPlay":false,"sceneViewState":{"showFog":true,"showMaterialUpdate":false,"showSkybox":true,"showFlares":true,"showImageEffects":true,"showParticleSystems":true},"in2DMode":false,"pivot":{"x":58.95325469970703,"y":31.609054565429689,"z":76.42627716064453},"rotation":{"x":-0.051288772374391559,"y":-0.004526964854449034,"z":0.00022505935339722782,"w":-0.9986843466758728},"size":97.07691192626953,"orthographic":false}