{"cameraMode":{"drawMode":0,"name":"Shaded","section":"Shading Mode"},"sceneLighting":true,"audioPlay":false,"sceneViewState":{"showFog":true,"showMaterialUpdate":false,"showSkybox":true,"showFlares":true,"showImageEffects":true,"showParticleSystems":true},"in2DMode":false,"pivot":{"x":-15.652777671813965,"y":0.5274495482444763,"z":-4.563647270202637},"rotation":{"x":0.06258217990398407,"y":-0.8464667201042175,"z":0.10205525904893875,"w":0.5188570022583008},"size":7.142328262329102,"orthographic":true}